{"cameraMode":{"drawMode":0,"name":"Shaded","section":"Shading Mode"},"sceneLighting":false,"audioPlay":false,"sceneViewState":{"m_AlwaysRefresh":false,"showFog":true,"showSkybox":false,"showFlares":true,"showImageEffects":true,"showParticleSystems":true,"showVisualEffectGraphs":true,"m_FxEnabled":true},"in2DMode":false,"pivot":{"x":12.114659309387207,"y":3.808736562728882,"z":16.66564178466797},"rotation":{"x":0.012831611558794976,"y":-0.31064143776893618,"z":0.004193869885057211,"w":0.9504275918006897},"size":4.861494064331055,"orthographic":false}